img,cam
3-000001,cam206
3-000002,cam206
3-000003,cam206
3-000004,cam206
3-000005,cam206
3-000006,cam216
3-000007,cam216
3-000008,cam216
3-000009,cam216
3-000010,cam216
3-000011,cam216
3-000012,cam216
3-000013,cam216
3-000014,cam216
3-000015,cam216
3-000016,cam601
3-000017,cam601
3-000018,cam601
3-000019,cam601
3-000020,cam601
3-000021,cam601
3-000022,cam601
3-000023,cam601
3-000024,cam601
3-000025,cam601
3-000026,cam601
3-000027,cam601
3-000028,cam601
3-000029,cam601
3-000030,cam601
3-000031,cam601
3-000032,cam601
3-000033,cam601
3-000034,cam601
3-000035,cam601
3-000036,cam601
3-000037,cam601
3-000038,cam601
3-000039,cam603
3-000040,cam603
3-000041,cam603
3-000042,cam603
3-000043,cam603
3-000044,cam603
3-000045,cam603
3-000046,cam603
3-000047,cam618
3-000048,cam618
3-000049,cam618
3-000050,cam618
3-000051,cam618
3-000052,cam618
3-000053,cam618
3-000054,cam618
3-000055,cam618
3-000056,cam618
3-000057,cam618
3-000058,cam618
3-000059,cam618
3-000060,cam618
3-000061,cam618
3-000062,cam618
3-000063,cam618
3-000064,cam618
3-000065,cam618
3-000066,cam508
3-000067,cam510
3-000068,cam510
3-000069,cam510
3-000070,cam510
3-000071,cam510
3-000072,cam4201
3-000073,cam4201
3-000074,cam4201
3-000075,cam4201
3-000076,cam4201
3-000077,cam4201
3-000078,cam4201
3-000079,cam4201
3-000080,cam4201
3-000081,cam206
3-000082,cam206
3-000083,cam206
3-000084,cam206
3-000085,cam206
3-000086,cam206
3-000087,cam206
3-000088,cam206
3-000089,cam206
3-000090,cam206
3-000091,cam206
3-000092,cam206
3-000093,cam206
3-000094,cam206
3-000095,cam206
3-000096,cam216
3-000097,cam216
3-000098,cam216
3-000099,cam216
3-000100,cam216
3-000101,cam216
3-000102,cam216
3-000103,cam216
3-000104,cam216
3-000105,cam216
3-000106,cam216
3-000107,cam601
3-000108,cam601
3-000109,cam601
3-000110,cam601
3-000111,cam601
3-000112,cam601
3-000113,cam601
3-000114,cam601
3-000115,cam601
3-000116,cam601
3-000117,cam601
3-000118,cam601
3-000119,cam601
3-000120,cam601
3-000121,cam601
3-000122,cam601
3-000123,cam601
3-000124,cam601
3-000125,cam601
3-000126,cam601
3-000127,cam601
3-000128,cam601
3-000129,cam601
3-000130,cam603
3-000131,cam603
3-000132,cam603
3-000133,cam603
3-000134,cam603
3-000135,cam603
3-000136,cam603
3-000137,cam603
3-000138,cam603
3-000139,cam603
3-000140,cam603
3-000141,cam603
3-000142,cam618
3-000143,cam618
3-000144,cam618
3-000145,cam618
3-000146,cam618
3-000147,cam618
3-000148,cam618
3-000149,cam618
3-000150,cam618
3-000151,cam618
3-000152,cam618
3-000153,cam618
3-000154,cam618
3-000155,cam4011
3-000156,cam4011
3-000157,cam4011
3-000158,cam508
3-000159,cam508
3-000160,cam508
3-000161,cam508
3-000162,cam508
3-000163,cam508
3-000164,cam508
3-000165,cam508
3-000166,cam508
3-000167,cam508
3-000168,cam506
3-000169,cam506
3-000170,cam506
3-000171,cam506
3-000172,cam506
3-000173,cam506
3-000174,cam506
3-000175,cam506
3-000176,cam510
3-000177,cam510
3-000178,cam510
3-000179,cam510
3-000180,cam510
3-000181,cam510
3-000182,cam510
3-000183,cam4201
3-000184,cam4201
3-000185,cam4201
3-000186,cam4201
3-000187,cam4201
3-000188,cam4201
3-000189,cam4201
3-000190,cam4201
3-000191,cam4201
3-000192,cam4201
3-000193,cam4201
3-000194,cam4201
3-000195,cam4201
3-000196,cam206
3-000197,cam206
3-000198,cam206
3-000199,cam206
3-000200,cam206
3-000201,cam206
3-000202,cam206
3-000203,cam206
3-000204,cam206
3-000205,cam206
3-000206,cam206
3-000207,cam211
3-000208,cam211
3-000209,cam211
3-000210,cam211
3-000211,cam211
3-000212,cam211
3-000213,cam211
3-000214,cam211
3-000215,cam211
3-000216,cam211
3-000217,cam216
3-000218,cam216
3-000219,cam216
3-000220,cam216
3-000221,cam216
3-000222,cam216
3-000223,cam216
3-000224,cam216
3-000225,cam601
3-000226,cam601
3-000227,cam601
3-000228,cam601
3-000229,cam601
3-000230,cam601
3-000231,cam601
3-000232,cam601
3-000233,cam601
3-000234,cam601
3-000235,cam601
3-000236,cam601
3-000237,cam601
3-000238,cam603
3-000239,cam603
3-000240,cam603
3-000241,cam603
3-000242,cam603
3-000243,cam603
3-000244,cam618
3-000245,cam618
3-000246,cam618
3-000247,cam618
3-000248,cam4011
3-000249,cam4011
3-000250,cam4011
3-000251,cam508
3-000252,cam508
3-000253,cam508
3-000254,cam506
3-000255,cam506
3-000256,cam506
3-000257,cam506
3-000258,cam506
3-000259,cam506
3-000260,cam510
3-000261,cam510
3-000262,cam510
3-000263,cam510
3-000264,cam510
3-000265,cam206
3-000266,cam206
3-000267,cam206
3-000268,cam206
3-000269,cam206
3-000270,cam206
3-000271,cam206
3-000272,cam206
3-000273,cam206
3-000274,cam206
3-000275,cam206
3-000276,cam206
3-000277,cam206
3-000278,cam206
3-000279,cam206
3-000280,cam206
3-000281,cam211
3-000282,cam211
3-000283,cam211
3-000284,cam211
3-000285,cam211
3-000286,cam211
3-000287,cam211
3-000288,cam211
3-000289,cam211
3-000290,cam211
3-000291,cam211
3-000292,cam211
3-000293,cam211
3-000294,cam211
3-000295,cam211
3-000296,cam211
3-000297,cam601
3-000298,cam601
3-000299,cam601
3-000300,cam601
3-000301,cam601
3-000302,cam601
3-000303,cam601
3-000304,cam601
3-000305,cam601
3-000306,cam601
3-000307,cam601
3-000308,cam601
3-000309,cam601
3-000310,cam601
3-000311,cam601
3-000312,cam601
3-000313,cam601
3-000314,cam601
3-000315,cam601
3-000316,cam601
3-000317,cam601
3-000318,cam601
3-000319,cam618
3-000320,cam618
3-000321,cam618
3-000322,cam618
3-000323,cam618
3-000324,cam618
3-000325,cam618
3-000326,cam618
3-000327,cam618
3-000328,cam618
3-000329,cam618
3-000330,cam618
3-000331,cam618
3-000332,cam618
3-000333,cam618
3-000334,cam618
3-000335,cam618
3-000336,cam618
3-000337,cam618
3-000338,cam4011
3-000339,cam4011
3-000340,cam4011
3-000341,cam4011
3-000342,cam4011
3-000343,cam4011
3-000344,cam4011
3-000345,cam4011
3-000346,cam4011
3-000347,cam506
3-000348,cam506
3-000349,cam506
3-000350,cam506
3-000351,cam506
3-000352,cam506
3-000353,cam506
3-000354,cam510
3-000355,cam510
3-000356,cam510
3-000357,cam206
3-000358,cam206
3-000359,cam206
3-000360,cam206
3-000361,cam211
3-000362,cam211
3-000363,cam211
3-000364,cam211
3-000365,cam211
3-000366,cam211
3-000367,cam211
3-000368,cam216
3-000369,cam216
3-000370,cam216
3-000371,cam216
3-000372,cam216
3-000373,cam216
3-000374,cam216
3-000375,cam216
3-000376,cam216
3-000377,cam601
3-000378,cam601
3-000379,cam601
3-000380,cam601
3-000381,cam601
3-000382,cam601
3-000383,cam601
3-000384,cam601
3-000385,cam601
3-000386,cam601
3-000387,cam601
3-000388,cam601
3-000389,cam601
3-000390,cam601
3-000391,cam601
3-000392,cam601
3-000393,cam601
3-000394,cam601
3-000395,cam601
3-000396,cam601
3-000397,cam601
3-000398,cam601
3-000399,cam603
3-000400,cam603
3-000401,cam603
3-000402,cam603
3-000403,cam603
3-000404,cam4011
3-000405,cam4011
3-000406,cam4011
3-000407,cam4011
3-000408,cam4011
3-000409,cam4011
3-000410,cam4011
3-000411,cam4011
3-000412,cam4011
3-000413,cam4011
3-000414,cam510
3-000415,cam510
3-000416,cam510
3-000417,cam510
3-000418,cam510
3-000419,cam510
3-000420,cam510
3-000421,cam510
